FID,Id,FNode,TNode,Dist,Cost,FName,TName
0,0,0,1,70.71067812,2,R,A
1,1,0,2,150,5,R,B
2,2,0,3,111.8033989,4,R,C
3,3,1,2,111.8033989,2,A,B
5,4,1,4,206.1552813,7,A,D
6,5,2,4,100,4,B,D
7,6,2,5,111.8033989,3,B,E
4,7,3,2,70.71067812,1,C,B
11,8,3,5,150,4,C,E
9,9,4,6,104.4030651,5,D,S
8,10,5,4,50,1,E,D
10,11,5,6,128.0624847,7,E,S
